{"schemaVersion":"1.0","appDefinitionTemplate":{"id":"/providers/Microsoft.PowerApps/apps/","type":"Microsoft.PowerApps/apps","tags":{"primaryDeviceWidth":"640","primaryDeviceHeight":"1136","supportsPortrait":"true","supportsLandscape":"true","primaryFormFactor":"Phone","showStatusBar":"false","publisherVersion":"3.25102.17","minimumRequiredApiVersion":"2.2.0","hasComponent":"false","hasUnlockedComponent":"false","isUnifiedRootApp":"false","sienaVersion":"20251024T192551Z-3.25102.17.0"},"properties":{"appVersion":"2025-10-24T19:25:51Z","lifeCycleId":"Published","createdByClientVersion":{"major":3,"minor":25102,"build":17,"revision":0,"majorRevision":0,"minorRevision":0},"minClientVersion":{"major":3,"minor":25102,"build":17,"revision":0,"majorRevision":0,"minorRevision":0},"backgroundColor":"RGBA(0,176,240,1)","backgroundImageUri":"/13405915010414120783/N34d3c635-3450-4d5e-81e5-cef2f31b4110-logoSmallFile","displayName":"Ponto Eletronico","description":"","commitMessage":"","appUris":{"documentUri":{"value":"/13405915010414120783/Nb913a45a-2dac-467c-b22e-7bb58f71ec10-document.msapp"},"imageUris":[],"additionalUris":[{"isSolutionAware":false,"value":"/13405915010414120783/N88b170c4-fc25-4f70-bc52-ee774a3266f1-identity.json"}]},"createdTime":"0001-01-01T00:00:00Z","lastModifiedTime":"0001-01-01T00:00:00Z","sharedGroupsCount":0,"sharedUsersCount":0,"connectionReferences":{"c254a380-99d6-402a-b94c-69e240437002":{"id":"51769c73-fb16-4080-b4a3-adf87ba85cd9","displayName":"SharePoint","iconUri":"https://conn-afd-prod-endpoint-bmc9bqahasf3grgk.b01.azurefd.net/v1.0.1769/1.0.1769.4352/sharepointonline/icon.png","dataSources":["PontoEletronico"],"dependencies":[],"dependents":[],"parameterHints":{},"parameterHintsV2":{},"isOnPremiseConnection":false,"bypassConsent":false,"dataSets":{"https://lowcodedevbr.sharepoint.com":{"dataSources":{"PontoEletronico":{"tableName":"08da142a-813d-442a-964b-15a684b6a1e6"}}}},"apiTier":"Standard","isCustomApiConnection":false,"actions":["providers/PowerPlatform.Governance/Operations/Read","providers/PowerPlatform.Governance/Operations/Write"]}},"databaseReferences":{},"almMode":"Environment","performanceOptimizationEnabled":true,"canConsumeAppPass":true,"enableModernRuntimeMode":false,"executionRestrictions":{"isTeamsOnly":false,"dataLossPreventionEvaluationResult":{"status":"Compliant","lastEvaluationDate":"2025-10-24T17:43:24.0476478Z","violations":[],"violationsByPolicy":[],"violationErrorMessage":"The app uses the following connectors: shared_sharepointonline."}}},"isAppComponentLibrary":false,"appType":"ClassicCanvasApp","appComponents":[]}}