{"schemaVersion":"1.0","appDefinitionTemplate":{"id":"/providers/Microsoft.PowerApps/apps/","type":"Microsoft.PowerApps/apps","tags":{"primaryDeviceWidth":"1366","primaryDeviceHeight":"768","supportsPortrait":"true","supportsLandscape":"true","primaryFormFactor":"Tablet","showStatusBar":"false","publisherVersion":"3.24041.23","minimumRequiredApiVersion":"2.2.0","hasComponent":"true","hasUnlockedComponent":"true","isUnifiedRootApp":"false","offlineLargeFilesSupport":"false","sienaVersion":"20240412T102639Z-3.24041.23.0"},"properties":{"appVersion":"2024-04-12T10:26:39Z","lifeCycleId":"Published","createdByClientVersion":{"major":3,"minor":24041,"build":23,"revision":0,"majorRevision":0,"minorRevision":0},"minClientVersion":{"major":3,"minor":24041,"build":23,"revision":0,"majorRevision":0,"minorRevision":0},"backgroundColor":"RGBA(0,176,240,1)","backgroundImageUri":"/4528256805037264051/Nb04bcf86-0b06-4d9d-a05d-655d29d9066a-logoSmallFile","displayName":"App de projetos v2","description":"","commitMessage":"","appUris":{"documentUri":{"value":"/4528256805037264051/Ne3b988dc-5ddd-4632-acf2-f953bf137581-document.msapp"},"imageUris":[],"additionalUris":[{"isSolutionAware":false,"value":"/4528256805037264051/Ned25ee76-b22b-4645-903c-94ebecd39408-identity.json"}]},"createdTime":"0001-01-01T00:00:00Z","lastModifiedTime":"0001-01-01T00:00:00Z","sharedGroupsCount":0,"sharedUsersCount":0,"connectionReferences":{"e56f5f40-df61-4405-944d-11bf36d07bbb":{"id":"1aa9bdf7-b82b-4b0a-b6e6-0e3d253ecd0f","displayName":"SharePoint","iconUri":"https://connectoricons-prod.azureedge.net/releases/v1.0.1682/1.0.1682.3675/sharepointonline/icon.png","dataSources":["Projetos","ProjetosTarefas"],"dependencies":[],"dependents":[],"parameterHints":{},"parameterHintsV2":{},"isOnPremiseConnection":false,"bypassConsent":false,"dataSets":{"https://lowcodedevbr.sharepoint.com/sites/Appdeprojetos":{"dataSources":{"Projetos":{"tableName":"5d0f83ae-16c2-4066-a19b-37a1444dd76e"},"ProjetosTarefas":{"tableName":"c4e594d5-b4dd-4c67-a057-626a69ea5c45"}}}},"apiTier":"Standard","isCustomApiConnection":false,"actions":["providers/PowerPlatform.Governance/Operations/Read"]}},"databaseReferences":{},"almMode":"Environment","performanceOptimizationEnabled":true,"canConsumeAppPass":true,"enableModernRuntimeMode":false,"executionRestrictions":{"isTeamsOnly":false,"dataLossPreventionEvaluationResult":{"status":"Compliant","lastEvaluationDate":"2024-02-03T11:29:48.6837086Z","violations":[],"violationsByPolicy":[],"violationErrorMessage":"O aplicativo usa os seguintes conectores: shared_sharepointonline."}}},"appType":"ClassicCanvasApp","appComponents":[]}}